USE writingDB;

/* ENTITY_STATUS_TYPE */
INSERT INTO ENTITY_STATUS_TYPE (ID, CODE, NAME, STATUS, CREATED_DT, CREATED_BY_USR, LAST_MODIFIED_DT, LAST_MODIFIED_USR)
VALUES (1, 'ASSIGNMENT_STATUS', 'Assignment Status Types', 'A', '2008-7-04', 'Admin', '2008-7-04', 'Admin');

/* ENTITY_STATUS */
INSERT INTO ENTITY_STATUS (TY_ID, CODE, NAME, STATUS, CREATED_DT, CREATED_BY_USR, LAST_MODIFIED_DT, LAST_MODIFIED_USR)
VALUES (1, 'PENDING', 'Pending', 'A', '2008-7-04', 'Admin', '2008-7-04', 'Admin');

INSERT INTO ENTITY_STATUS (TY_ID, CODE, NAME, STATUS, CREATED_DT, CREATED_BY_USR, LAST_MODIFIED_DT, LAST_MODIFIED_USR)
VALUES (1, 'PAID', 'Paid', 'A', '2008-7-04', 'Admin', '2008-7-04', 'Admin');

INSERT INTO ENTITY_STATUS (TY_ID, CODE, NAME, STATUS, CREATED_DT, CREATED_BY_USR, LAST_MODIFIED_DT, LAST_MODIFIED_USR)
VALUES (1, 'IN_PROGRESS', 'In Progress', 'A', '2008-7-04', 'Admin', '2008-7-04', 'Admin');

INSERT INTO ENTITY_STATUS (TY_ID, CODE, NAME, STATUS, CREATED_DT, CREATED_BY_USR, LAST_MODIFIED_DT, LAST_MODIFIED_USR)
VALUES (1, 'COMPLETED', 'Completed', 'A', '2008-7-04', 'Admin', '2008-7-04', 'Admin');

/* PARTY_TYPE */
INSERT INTO PARTY_TYPE (CODE, NAME, DESCRIPTION, STATUS, CREATED_DT, CREATED_BY_USR, LAST_MODIFIED_DT, LAST_MODIFIED_USR)
VALUES ('INDIVIDUAL', 'Individual', 'Individual type party', 'A', '2008-7-04', 'Admin', '2008-7-04', 'Admin');

INSERT INTO PARTY_TYPE (CODE, NAME, DESCRIPTION, STATUS, CREATED_DT, CREATED_BY_USR, LAST_MODIFIED_DT, LAST_MODIFIED_USR)
VALUES ('ORGANIZATIONAL', 'Organizational', 'Organizational type party', 'A', '2008-7-04', 'Admin', '2008-7-04', 'Admin');

/* PARTY */
INSERT INTO PARTY (ID, PARTY_TY_ID, CODE, NAME, DESCRIPTION, STATUS, CREATED_DT, CREATED_BY_USR, LAST_MODIFIED_DT, LAST_MODIFIED_USR)
VALUES (1, 1, 'geff@brainboxessays.com', 'Geff Dynamax', 'Geff Dynamax', 'A', '2008-7-04', 'Admin', '2008-7-04', 'Admin');

INSERT INTO PARTY (ID, PARTY_TY_ID, CODE, NAME, DESCRIPTION, STATUS, CREATED_DT, CREATED_BY_USR, LAST_MODIFIED_DT, LAST_MODIFIED_USR)
VALUES (2, 1, 'drake@brainboxessays.com', 'Drake Robinson', 'Drake Robinson', 'A', '2008-7-04', 'Admin', '2008-7-04', 'Admin');

INSERT INTO PARTY (ID, PARTY_TY_ID, CODE, NAME, DESCRIPTION, STATUS, CREATED_DT, CREATED_BY_USR, LAST_MODIFIED_DT, LAST_MODIFIED_USR)
VALUES (3, 1, 'mason@brainboxessays.com', 'Mason Ridges', 'Mason Ridges', 'A', '2008-7-04', 'Admin', '2008-7-04', 'Admin');

INSERT INTO PARTY (ID, PARTY_TY_ID, CODE, NAME, DESCRIPTION, STATUS, CREATED_DT, CREATED_BY_USR, LAST_MODIFIED_DT, LAST_MODIFIED_USR)
VALUES (4, 1, 'ronald@brainboxessays.com', 'Ronald Perry', 'Ronald Perry', 'A', '2008-7-04', 'Admin', '2008-7-04', 'Admin');

/* PERSON */
INSERT INTO PERSON (PARTY_ID, CODE, NAME, FIRST_NM, LAST_NM, GENDER, STATUS, CREATED_DT, CREATED_BY_USR, LAST_MODIFIED_DT, LAST_MODIFIED_USR)
VALUES (1, 'geff@brainboxessays.com', 'Geff Dynamax', 'Geff', 'Dynamax', 'M', 'A', '2008-7-04', 'Admin', '2008-7-04', 'Admin');

INSERT INTO PERSON (PARTY_ID, CODE, NAME, FIRST_NM, LAST_NM, GENDER, STATUS, CREATED_DT, CREATED_BY_USR, LAST_MODIFIED_DT, LAST_MODIFIED_USR)
VALUES (2, 'drake@brainboxessays.com', 'Drake Robinson', 'Drake', 'Robinson', 'M', 'A', '2008-7-04', 'Admin', '2008-7-04', 'Admin');

INSERT INTO PERSON (PARTY_ID, CODE, NAME, FIRST_NM, LAST_NM, GENDER, STATUS, CREATED_DT, CREATED_BY_USR, LAST_MODIFIED_DT, LAST_MODIFIED_USR)
VALUES (3, 'mason@brainboxessays.com', 'Mason Ridges', 'Mason', 'Ridges', 'M', 'A', '2008-7-04', 'Admin', '2008-7-04', 'Admin');

INSERT INTO PERSON (PARTY_ID, CODE, NAME, FIRST_NM, LAST_NM, GENDER, STATUS, CREATED_DT, CREATED_BY_USR, LAST_MODIFIED_DT, LAST_MODIFIED_USR)
VALUES (4, 'ronald@brainboxessays.com', 'Ronald Perry', 'Ronald', 'Perry', 'M', 'A', '2008-7-04', 'Admin', '2008-7-04', 'Admin');

/* USER_ACCOUNT */
INSERT INTO USER_ACCOUNT (PARTY_ID, CODE, NAME, USER_NM, PASSWORD, ACCOUNT_EMAIL, SECRET_IV, CIPHER_TEXT, PASSPHRASE_SALT, PASSPHRASE_ITEREATIONS, PUBLIC_KEY, LOCKED_FG, STATUS, CREATED_DT, CREATED_BY_USR, LAST_MODIFIED_DT, LAST_MODIFIED_USR)
VALUES (1, 'geff@brainboxessays.com', 'Geff Dynamax', 'geff@brainboxessays.com', 'Netfilter', 'ACCOUNT_EMAIL', 'SECRET_IV', 'CIPHER_TEXT', 'PASSPHRASE_SALT', 500, 'PUBLIC_KEY', 'N', 'A', '2008-7-04', 'Admin', '2008-7-04', 'Admin');

INSERT INTO USER_ACCOUNT (PARTY_ID, CODE, NAME, USER_NM, PASSWORD, ACCOUNT_EMAIL, SECRET_IV, CIPHER_TEXT, PASSPHRASE_SALT, PASSPHRASE_ITEREATIONS, PUBLIC_KEY, LOCKED_FG, STATUS, CREATED_DT, CREATED_BY_USR, LAST_MODIFIED_DT, LAST_MODIFIED_USR)
VALUES (2, 'drake@brainboxessays.com', 'Drake Robinson', 'drake@brainboxessays.com', 'Netfilter', 'ACCOUNT_EMAIL', 'SECRET_IV', 'CIPHER_TEXT', 'PASSPHRASE_SALT', 500, 'PUBLIC_KEY', 'N', 'A', '2008-7-04', 'Admin', '2008-7-04', 'Admin');

INSERT INTO USER_ACCOUNT (PARTY_ID, CODE, NAME, USER_NM, PASSWORD, ACCOUNT_EMAIL, SECRET_IV, CIPHER_TEXT, PASSPHRASE_SALT, PASSPHRASE_ITEREATIONS, PUBLIC_KEY, LOCKED_FG, STATUS, CREATED_DT, CREATED_BY_USR, LAST_MODIFIED_DT, LAST_MODIFIED_USR)
VALUES (3, 'mason@brainboxessays.com', 'Mason Ridges', 'mason@brainboxessays.com', 'Netfilter', 'ACCOUNT_EMAIL', 'SECRET_IV', 'CIPHER_TEXT', 'PASSPHRASE_SALT', 500, 'PUBLIC_KEY', 'N', 'A', '2008-7-04', 'Admin', '2008-7-04', 'Admin');

INSERT INTO USER_ACCOUNT (PARTY_ID, CODE, NAME, USER_NM, PASSWORD, ACCOUNT_EMAIL, SECRET_IV, CIPHER_TEXT, PASSPHRASE_SALT, PASSPHRASE_ITEREATIONS, PUBLIC_KEY, LOCKED_FG, STATUS, CREATED_DT, CREATED_BY_USR, LAST_MODIFIED_DT, LAST_MODIFIED_USR)
VALUES (4, 'ronald@brainboxessays.com', 'Ronald Perry', 'ronald@brainboxessays.com', 'Netfilter', 'ACCOUNT_EMAIL', 'SECRET_IV', 'CIPHER_TEXT', 'PASSPHRASE_SALT', 500, 'PUBLIC_KEY', 'N', 'A', '2008-7-04', 'Admin', '2008-7-04', 'Admin');

/* PARTY_ROLE_TYPE */
INSERT INTO PARTY_ROLE_TYPE (ID, CODE, NAME, DESCRIPTION, STATUS, CREATED_DT, CREATED_BY_USR, LAST_MODIFIED_DT, LAST_MODIFIED_USR)
VALUES (1, 'ADMIN', 'Admin', 'Admin', 'A', '2008-7-04', 'Admin', '2008-7-04', 'Admin');

INSERT INTO PARTY_ROLE_TYPE (ID, CODE, NAME, DESCRIPTION, STATUS, CREATED_DT, CREATED_BY_USR, LAST_MODIFIED_DT, LAST_MODIFIED_USR)
VALUES (2, 'CLIENT', 'Client', 'Client', 'A', '2008-7-04', 'Admin', '2008-7-04', 'Admin');

INSERT INTO PARTY_ROLE_TYPE (ID, CODE, NAME, DESCRIPTION, STATUS, CREATED_DT, CREATED_BY_USR, LAST_MODIFIED_DT, LAST_MODIFIED_USR)
VALUES (3, 'WRITER', 'Writer', 'Writer', 'A', '2008-7-04', 'Admin', '2008-7-04', 'Admin');

INSERT INTO PARTY_ROLE_TYPE (ID, CODE, NAME, DESCRIPTION, STATUS, CREATED_DT, CREATED_BY_USR, LAST_MODIFIED_DT, LAST_MODIFIED_USR)
VALUES (4, 'INTERNAL', 'Internal', 'Internal', 'A', '2008-7-04', 'Admin', '2008-7-04', 'Admin');

/* PARTY_ROLE */
INSERT INTO PARTY_ROLE (ID, PARTY_ID, PARTY_ROLE_TY_ID, CODE, NAME, DESCRIPTION, STATUS, CREATED_DT, CREATED_BY_USR, LAST_MODIFIED_DT, LAST_MODIFIED_USR)
VALUES (1, 1, 1, 'GEFF_ADMIN', 'Geff Admin', 'Geff Admin', 'A', '2008-7-04', 'Admin', '2008-7-04', 'Admin');

INSERT INTO PARTY_ROLE (ID, PARTY_ID, PARTY_ROLE_TY_ID, CODE, NAME, DESCRIPTION, STATUS, CREATED_DT, CREATED_BY_USR, LAST_MODIFIED_DT, LAST_MODIFIED_USR)
VALUES (2, 2, 2, 'DRAKE_CLIENT', 'Drake Client', 'Drake Client', 'A', '2008-7-04', 'Admin', '2008-7-04', 'Admin');

INSERT INTO PARTY_ROLE (ID, PARTY_ID, PARTY_ROLE_TY_ID, CODE, NAME, DESCRIPTION, STATUS, CREATED_DT, CREATED_BY_USR, LAST_MODIFIED_DT, LAST_MODIFIED_USR)
VALUES (3, 3, 3, 'MASON_WRITER', 'Mason Writer', 'Mason Writer', 'A', '2008-7-04', 'Admin', '2008-7-04', 'Admin');

INSERT INTO PARTY_ROLE (ID, PARTY_ID, PARTY_ROLE_TY_ID, CODE, NAME, DESCRIPTION, STATUS, CREATED_DT, CREATED_BY_USR, LAST_MODIFIED_DT, LAST_MODIFIED_USR)
VALUES (4, 4, 4, 'RONALD_INTERNAL', 'Ronald Internal', 'Ronald Internal', 'A', '2008-7-04', 'Admin', '2008-7-04', 'Admin');

/* DOCUMENT_CATEGORY */
INSERT INTO DOCUMENT_CATEGORY (ID, CODE, NAME, DESCRIPTION, STATUS, CREATED_DT, CREATED_BY_USR, LAST_MODIFIED_DT, LAST_MODIFIED_USR)
VALUES (1, 'CLIENT', 'Client', 'Client', 'A', '2008-7-04', 'Admin', '2008-7-04', 'Admin');

/* DOCUMENT_TYPE */
INSERT INTO DOCUMENT_TYPE (ID, CAT_ID, CODE, NAME, STATUS, CREATED_DT, CREATED_BY_USR, LAST_MODIFIED_DT, LAST_MODIFIED_USR)
VALUES (1, 1, 'CLIENT_ATTACHMENT', 'Client Attachment', 'A', '2008-7-04', 'Admin', '2008-7-04', 'Admin');
